{
  "summary": {
    "Sato-san": {
      "mean_pct_bias": -28.971538523138406,
      "median_pct_bias": -15.217809308061856,
      "ci_95_low": -46.04429322704119,
      "ci_95_high": -14.433884490090946,
      "std_pct_bias": 110.09787370312698,
      "n_quotes": 180,
      "label": "aggressive"
    },
    "Suzuki-san": {
      "mean_pct_bias": -8.325764474589551,
      "median_pct_bias": -5.940894814952624,
      "ci_95_low": -17.448787700600306,
      "ci_95_high": -0.3282439612256545,
      "std_pct_bias": 54.976363522513246,
      "n_quotes": 160,
      "label": "aggressive"
    },
    "Tanaka-san": {
      "mean_pct_bias": -1.1397563947218532,
      "median_pct_bias": 5.988169928889306,
      "ci_95_low": -9.642392482616764,
      "ci_95_high": 6.780900625575688,
      "std_pct_bias": 54.0968526367874,
      "n_quotes": 170,
      "label": "neutral"
    }
  },
  "by_part_type": {
    "Sato-san": {
      "Sensor Housing": {
        "mean_pct_bias": -12.548331079220402,
        "n_quotes": 19
      },
      "Manifold Block": {
        "mean_pct_bias": -30.806331316354793,
        "n_quotes": 14
      },
      "Heat Sink": {
        "mean_pct_bias": -11.128832799984085,
        "n_quotes": 22
      },
      "Fuel Injector Nozzle": {
        "mean_pct_bias": -104.88916257461251,
        "n_quotes": 16
      },
      "Turbine Blade Housing": {
        "mean_pct_bias": -42.795675161566216,
        "n_quotes": 21
      },
      "Mounting Bracket": {
        "mean_pct_bias": -15.888880041543333,
        "n_quotes": 23
      },
      "Actuator Linkage": {
        "mean_pct_bias": -14.519250051797849,
        "n_quotes": 22
      },
      "Structural Rib": {
        "mean_pct_bias": -12.896861082259791,
        "n_quotes": 18
      },
      "Electronic Chassis": {
        "mean_pct_bias": -8.306237477515063,
        "n_quotes": 13
      },
      "Landing Gear Pin": {
        "mean_pct_bias": -58.2006312717497,
        "n_quotes": 12
      }
    },
    "Suzuki-san": {
      "Manifold Block": {
        "mean_pct_bias": -30.67927232447558,
        "n_quotes": 17
      },
      "Turbine Blade Housing": {
        "mean_pct_bias": -13.511043208268706,
        "n_quotes": 19
      },
      "Actuator Linkage": {
        "mean_pct_bias": 0.8828457881066247,
        "n_quotes": 15
      },
      "Fuel Injector Nozzle": {
        "mean_pct_bias": -29.372925085308143,
        "n_quotes": 18
      },
      "Structural Rib": {
        "mean_pct_bias": -7.507385326535424,
        "n_quotes": 23
      },
      "Landing Gear Pin": {
        "mean_pct_bias": 20.96390765061834,
        "n_quotes": 15
      },
      "Sensor Housing": {
        "mean_pct_bias": 4.457327716397731,
        "n_quotes": 14
      },
      "Electronic Chassis": {
        "mean_pct_bias": -12.092081815912737,
        "n_quotes": 17
      },
      "Mounting Bracket": {
        "mean_pct_bias": 14.878705780798443,
        "n_quotes": 11
      },
      "Heat Sink": {
        "mean_pct_bias": -18.244237613089606,
        "n_quotes": 11
      }
    },
    "Tanaka-san": {
      "Sensor Housing": {
        "mean_pct_bias": 21.742516582257807,
        "n_quotes": 19
      },
      "Mounting Bracket": {
        "mean_pct_bias": 23.83036627174891,
        "n_quotes": 11
      },
      "Structural Rib": {
        "mean_pct_bias": -9.186669340024064,
        "n_quotes": 15
      },
      "Fuel Injector Nozzle": {
        "mean_pct_bias": -13.588881435703414,
        "n_quotes": 19
      },
      "Manifold Block": {
        "mean_pct_bias": -52.30991511267776,
        "n_quotes": 16
      },
      "Landing Gear Pin": {
        "mean_pct_bias": 12.818575203248148,
        "n_quotes": 20
      },
      "Turbine Blade Housing": {
        "mean_pct_bias": -8.140030246436828,
        "n_quotes": 21
      },
      "Heat Sink": {
        "mean_pct_bias": -11.023690068464472,
        "n_quotes": 15
      },
      "Electronic Chassis": {
        "mean_pct_bias": 5.84336445669972,
        "n_quotes": 17
      },
      "Actuator Linkage": {
        "mean_pct_bias": 20.26672261176476,
        "n_quotes": 17
      }
    }
  },
  "by_material": {
    "Sato-san": {
      "Inconel 718": {
        "mean_pct_bias": -45.155540403088814,
        "n_quotes": 33
      },
      "Titanium Grade 5": {
        "mean_pct_bias": -9.403161113661302,
        "n_quotes": 30
      },
      "Aluminum 6061": {
        "mean_pct_bias": -20.531300227793334,
        "n_quotes": 42
      },
      "Aluminum 7075": {
        "mean_pct_bias": -5.014069850857074,
        "n_quotes": 30
      },
      "Stainless Steel 17-4 PH": {
        "mean_pct_bias": -25.738593260909283,
        "n_quotes": 37
      }
    },
    "Suzuki-san": {
      "Stainless Steel 17-4 PH": {
        "mean_pct_bias": -24.52066776623908,
        "n_quotes": 30
      },
      "Inconel 718": {
        "mean_pct_bias": -5.434825682878967,
        "n_quotes": 31
      },
      "Titanium Grade 5": {
        "mean_pct_bias": -9.491056989900802,
        "n_quotes": 37
      },
      "Aluminum 7075": {
        "mean_pct_bias": -5.793932809169062,
        "n_quotes": 32
      },
      "Aluminum 6061": {
        "mean_pct_bias": 2.3175992810393473,
        "n_quotes": 27
      }
    },
    "Tanaka-san": {
      "Titanium Grade 5": {
        "mean_pct_bias": -10.467967816432486,
        "n_quotes": 33
      },
      "Stainless Steel 17-4 PH": {
        "mean_pct_bias": -2.944814587393099,
        "n_quotes": 36
      },
      "Aluminum 6061": {
        "mean_pct_bias": 7.873989748937538,
        "n_quotes": 32
      },
      "Inconel 718": {
        "mean_pct_bias": 6.329940818474928,
        "n_quotes": 26
      },
      "Aluminum 7075": {
        "mean_pct_bias": -4.177731785358806,
        "n_quotes": 39
      }
    }
  },
  "over_time": {
    "Sato-san": {
      "2023-01": {
        "mean_pct_bias": -22.115050696286026,
        "n_quotes": 8
      },
      "2023-02": {
        "mean_pct_bias": -58.84587083860474,
        "n_quotes": 17
      },
      "2023-03": {
        "mean_pct_bias": -7.189765482569822,
        "n_quotes": 12
      },
      "2023-04": {
        "mean_pct_bias": -56.199579263152046,
        "n_quotes": 13
      },
      "2023-05": {
        "mean_pct_bias": -20.59156659086106,
        "n_quotes": 7
      },
      "2023-06": {
        "mean_pct_bias": -35.779020614081425,
        "n_quotes": 12
      },
      "2023-07": {
        "mean_pct_bias": -17.497586703280348,
        "n_quotes": 8
      },
      "2023-08": {
        "mean_pct_bias": -8.696878365386906,
        "n_quotes": 16
      },
      "2023-09": {
        "mean_pct_bias": -21.475291952355732,
        "n_quotes": 17
      },
      "2023-10": {
        "mean_pct_bias": -40.34408209316258,
        "n_quotes": 16
      },
      "2023-11": {
        "mean_pct_bias": 36.86497434159565,
        "n_quotes": 3
      },
      "2023-12": {
        "mean_pct_bias": -16.61176182134464,
        "n_quotes": 14
      },
      "2024-01": {
        "mean_pct_bias": -71.12443265541617,
        "n_quotes": 16
      },
      "2024-02": {
        "mean_pct_bias": -18.62012707044855,
        "n_quotes": 13
      },
      "2024-03": {
        "mean_pct_bias": 18.065318301010574,
        "n_quotes": 8
      }
    },
    "Suzuki-san": {
      "2023-01": {
        "mean_pct_bias": 4.810929154283749,
        "n_quotes": 9
      },
      "2023-02": {
        "mean_pct_bias": 8.199961217760858,
        "n_quotes": 13
      },
      "2023-03": {
        "mean_pct_bias": 3.439233327170172,
        "n_quotes": 13
      },
      "2023-04": {
        "mean_pct_bias": -18.734036968672847,
        "n_quotes": 7
      },
      "2023-05": {
        "mean_pct_bias": -9.015106861657703,
        "n_quotes": 11
      },
      "2023-06": {
        "mean_pct_bias": -13.38281686016257,
        "n_quotes": 4
      },
      "2023-07": {
        "mean_pct_bias": -16.591453249843656,
        "n_quotes": 6
      },